Address,Price,Bedroom,Bathroom,Garage,Other Feature 1,Other Feature 2,Furniture,Type_Apartment,Type_Carpark,Type_House,Type_Studio,Type_Townhouse,Type_Unit,Type_Unknown,Suburb
"20/9A Esplanade Road, Mount Eden, Auckland City",360.0,1,1,1,,,0,0,0,0,0,0,1,0,Mount Eden
"46 Montrose Street, Point Chevalier, Auckland City",650.0,2,1,2,,,0,0,0,1,0,0,0,0,Point Chevalier
"1/351 Mount Eden Road, Mount Eden, Auckland City",530.0,2,1,,,,0,0,0,1,0,0,0,0,Mount Eden
"64 School Road, Kingsland, Auckland City",750.0,3,1,2,,,0,0,0,1,0,0,0,0,Kingsland
"2E/25 Rutland Street, Auckland Central, Auckland City",370.0,1,1,,,,0,1,0,0,0,0,0,0,Auckland Central
"4G/16 Market Place Viaduct, Auckland Central, Auckland City",520.0,1,1,,,,0,1,0,0,0,0,0,0,Auckland Central
"29/139 Quay Street, Auckland Central, Auckland City",790.0,1,1,,,,1,1,0,0,0,0,0,0,Auckland Central
"147 Quay Street, Auckland Central, Auckland City",780.0,1,1,,,,1,1,0,0,0,0,0,0,Auckland Central
"174A White Swan Road, Mount Roskill, Auckland City",695.0,3,2,3,,,0,0,0,1,0,0,0,0,Mount Roskill
"B3/15 Scanlan Street, Grey Lynn, Auckland City",750.0,2,1,1,,,0,0,0,0,0,1,0,0,Grey Lynn
"3/1223 New North Road, Mount Albert, Auckland City",580.0,3,1,2,,,0,0,0,0,0,0,1,0,Mount Albert
"2/24 West End Road, Herne Bay, Auckland City",1795.0,7,2,,,,0,0,0,1,0,0,0,0,Herne Bay
"1006/8 Ronayne Street, Auckland Central, Auckland City",780.0,2,2,2,,,1,1,0,0,0,0,0,0,Auckland Central
"10 Green Lane East, Remuera, Auckland City",1250.0,5,2,6,,,0,0,0,1,0,0,0,0,Remuera
"G06/246 Khyber Pass Rd, Newmarket, Auckland City",750.0,2,1,,,,0,0,0,1,0,0,0,0,Newmarket
"132 Allum Road, Kohimarama, Auckland City",500.0,1,1,1,,,1,0,0,0,0,0,1,0,Kohimarama
"6 Ruarangi Road, Mount Albert, Auckland City",535.0,1,1,1,,,0,0,0,1,0,0,0,0,Mount Albert
"6E 2 Queen Street, Auckland Central, Auckland City",1500.0,2,2,1,,,0,1,0,0,0,0,0,0,Auckland Central
"39 Sackville Street, Grey Lynn, Auckland City",420.0,1,1,1,,,0,0,0,0,0,0,1,0,Grey Lynn
"36D Staveley Avenue, Mount Roskill, Auckland City",1000.0,4,3,2,,,0,0,0,0,0,0,1,0,Mount Roskill
"2/38 Marjorie Jayne Crescent, Otahuhu, Auckland City",635.0,3,1,2,,,0,0,0,0,0,0,1,0,Otahuhu
"40 Eastbourne Road, Remuera, Auckland City",2980.0,4,4,5,,,0,0,0,1,0,0,0,0,Remuera
"34 Kingston Street, Auckland Central, Auckland City",425.0,1,1,,,,0,1,0,0,0,0,0,0,Auckland Central
"33/139 Quay Street, Auckland Central, Auckland City",825.0,1,1,,,,1,1,0,0,0,0,0,0,Auckland Central
"1/51 Aranui Road, Mount Wellington, Auckland City",950.0,4,3,3,,,0,0,0,0,0,1,0,0,Mount Wellington
"145 Quay Street, Auckland Central, Auckland City",1800.0,3,2,,,,1,1,0,0,0,0,0,0,Auckland Central
"43 Ash Street, Avondale, Auckland City",750.0,3,2,3,,,0,0,0,1,0,0,0,0,Avondale
"5/137 Jervois Road, Herne Bay, Auckland City",595.0,1,1,1,,,0,0,0,0,0,0,1,0,Herne Bay
"717/430 Queen Street, Auckland Central, Auckland City",580.0,2,1,,,,1,1,0,0,0,0,0,0,Auckland Central
"7/118 Grafton Road, Grafton, Auckland City",690.0,3,1,2,,,0,0,0,0,0,0,1,0,Grafton
"L8/30 Symonds Street, Auckland Central, Auckland City",450.0,2,1,,,,1,1,0,0,0,0,0,0,Auckland Central
"3/285 Point Chevalier Road, Point Chevalier, Auckland City",980.0,4,2,2,,,0,0,0,1,0,0,0,0,Point Chevalier
"6 Winchester Street, Grey Lynn, Auckland City",870.0,3,1,1,,,1,1,0,0,0,0,0,0,Grey Lynn
"35 Saxon Street, Waterview, Auckland City",1100.0,4,2,1,,,1,0,0,1,0,0,0,0,Waterview
"1 Enfield Street, Mount Eden, Auckland City",1099.0,2,2,1,,,1,1,0,0,0,0,0,0,Mount Eden
"161A Portland Road, Remuera, Auckland City",1250.0,5,3,4,,,0,0,0,1,0,0,0,0,Remuera
"122/72 Nelson Street, Auckland Central, Auckland City",495.0,2,1,,,,1,1,0,0,0,0,0,0,Auckland Central
"3E/182 Federal St, Auckland Central, Auckland City",560.0,2,1,,,,0,0,0,1,0,0,0,0,Auckland Central
"1/341 Hillsborough Road, Hillsborough, Auckland City",1000.0,4,3,4,,,0,0,0,1,0,0,0,0,Hillsborough
"3/70 Ashby Avenue, Saint Heliers, Auckland City",535.0,2,1,1,,,0,1,0,0,0,0,0,0,Saint Heliers
"2/14 Richard Farrell Avenue, Remuera, Auckland City",420.0,1,1,1,,,0,0,0,1,0,0,0,0,Remuera
"8 Hereford Street, Freemans Bay, Auckland City",655.0,1,1,1,,,0,1,0,0,0,0,0,0,Freemans Bay
"25 Gibraltar Crescent, Parnell, Auckland City",3500.0,3,3,2,,,0,0,0,1,0,0,0,0,Parnell
"52A Carlton Gore Road, Grafton, Auckland City",580.0,2,1,,,,0,0,0,0,0,0,1,0,Grafton
"603/1 Enfield Street, Mount Eden, Auckland City",2199.0,3,2,2,,,1,1,0,0,0,0,0,0,Mount Eden
"3/91 Sarsfield Street, Herne Bay, Auckland City",850.0,3,1,,,,0,0,0,1,0,0,0,0,Herne Bay
"34 Morning Side Drive, Mount Albert, Auckland City",580.0,2,1,2,,,0,0,0,1,0,0,0,0,Mount Albert
"14 Keystone Avenue, Mount Roskill, Auckland City",1300.0,5,2,3,,,1,0,0,1,0,0,0,0,Mount Roskill
"2 Auckland Road, Saint Heliers, Auckland City",1875.0,4,3,2,New build,,0,0,0,1,0,0,0,0,Saint Heliers
"10/277 Mt Eden Road, Mount Eden, Auckland City",675.0,3,1,,,,0,1,0,0,0,0,0,0,Mount Eden
"31 Day Street, Auckland Central, Auckland City",695.0,1,1,1,,,1,1,0,0,0,0,0,0,Auckland Central
"1/35 Brown Street, Ponsonby, Auckland City",1000.0,4,1,1,,,0,0,0,1,0,0,0,0,Ponsonby
"72 Nelson Street, Auckland Central, Auckland City",375.0,1,1,,,,0,1,0,0,0,0,0,0,Auckland Central
"7B/15 Mount Street, Auckland Central, Auckland City",650.0,2,1,1,,,1,1,0,0,0,0,0,0,Auckland Central
"4A Prospero Terrace, Mount Albert, Auckland City",525.0,1,1,1,,,0,0,0,0,0,0,1,0,Mount Albert
"4/56 Felton Mathew Ave, Saint Johns, Auckland City",495.0,2,1,,,,0,0,0,1,0,0,0,0,Saint Johns
"701/85 Nuffield Street, Newmarket, Auckland City",1200.0,2,2,1,,,0,1,0,0,0,0,0,0,Newmarket
"35B Wallace Street, Herne Bay, Auckland City",1450.0,4,2,2,,,0,0,0,1,0,0,0,0,Herne Bay
"32A Carbine Road, Mount Wellington, Auckland City",300.0,1,1,3,,,0,0,0,1,0,0,0,0,Mount Wellington
"165A Line Road, Glen Innes, Auckland City",560.0,3,1,,,,0,0,0,1,0,0,0,0,Glen Innes
"309/59 France Street, Eden Terrace, Auckland City",800.0,2,1,,,,0,1,0,0,0,0,0,0,Eden Terrace
"5AL/14 Waterloo Quadrant , Auckland Central, Auckland City",750.0,2,2,1,115m2,,0,1,0,0,0,0,0,0,Auckland Central
"A/66 Rawhitiroa Road, Kohimarama, Auckland City",1550.0,4,3,3,,,0,0,0,1,0,0,0,0,Kohimarama
"3/14 Tomuri Place, Mount Wellington, Auckland City",1100.0,4,4,,,,0,0,0,1,0,0,0,0,Mount Wellington
"6/14 Tomuri Place, Mount Wellington, Auckland City",1100.0,4,4,,,,0,0,0,1,0,0,0,0,Mount Wellington
"4/14 Tomuri PLace, Mount Wellington, Auckland City",1100.0,4,4,,,,0,0,0,1,0,0,0,0,Mount Wellington
"5/14 Tomuri Place, Mount Wellington, Auckland City",1100.0,4,4,,,,0,0,0,1,0,0,0,0,Mount Wellington
"35 Chesterfield Ave, Glendowie, Auckland City",1250.0,3,2,2,,,0,0,0,0,0,1,0,0,Glendowie
"4/3 Eden Crescent, Auckland Central, Auckland City",700.0,2,1,1,,,1,1,0,0,0,0,0,0,Auckland Central
"3C Ngatiawa Street, One Tree Hill, Auckland City",750.0,3,1,2,,,0,0,0,1,0,0,0,0,One Tree Hill
"2/22 St Leonards Rd, Mount Eden, Auckland City",440.0,1,1,1,,,0,0,0,0,0,0,1,0,Mount Eden
"430 Queen Street, Auckland Central, Auckland City",520.0,2,1,,,,0,1,0,0,0,0,0,0,Auckland Central
"9 Princes Street, Auckland Central, Auckland City",2200.0,2,2,1,178m2,,0,1,0,0,0,0,0,0,Auckland Central
"32 Queen Mary Avenue, Epsom, Auckland City",1850.0,5,3,6,,,0,0,0,1,0,0,0,0,Epsom
"64/139 Quay Street, , Auckland Central, Auckland City",1095.0,2,1,,,,0,1,0,0,0,0,0,0,Auckland Central
"21XX/6 Lorne Street, Auckland Central, Auckland City",980.0,2,2,,1 ensuite,,0,1,0,0,0,0,0,0,Auckland Central
"701 Great North Road, Grey Lynn, Auckland City",1250.0,5,2,4,,,0,0,0,1,0,0,0,0,Grey Lynn
"76 Albert Street, Auckland Central, Auckland City",530.0,2,1,,,,1,1,0,0,0,0,0,0,Auckland Central
"8 Airedale , Auckland Central, Auckland City",580.0,1,1,,,,0,1,0,0,0,0,0,0,Auckland Central
"1 Clare Place, Mount Wellington, Auckland City",690.0,3,1,,,,0,0,0,1,0,0,0,0,Mount Wellington
"18 Charlton Avenue, Mount Eden, Auckland City",1850.0,5,4,4,,,1,0,0,1,0,0,0,0,Mount Eden
"12 Waima Street, Grey Lynn, Auckland City",1500.0,7,2,,,,0,0,0,1,0,0,0,0,Grey Lynn
"57A Anita Avenue, Mount Roskill, Auckland City",890.0,4,3,,,,0,0,0,0,0,1,0,0,Mount Roskill
"83 Grand Drive, Remuera, Auckland City",940.0,3,2,,New build,,0,0,0,0,0,1,0,0,Remuera
"10/5 Orakei Road, Remuera, Auckland City",635.0,1,1,,,,0,0,0,0,0,0,1,0,Remuera
"22 Roseville Street, New Windsor, Auckland City",585.0,3,1,,,,0,0,0,1,0,0,0,0,New Windsor
"9/3 Eden Crescent, Auckland Central, Auckland City",620.0,2,1,1,,,0,1,0,0,0,0,0,0,Auckland Central
"4/326 Mt Eden Road, Mount Eden, Auckland City",550.0,2,1,1,,,0,0,0,0,0,0,1,0,Mount Eden
"33 Dovedale Place, Parnell, Auckland City",800.0,3,2,1,,,0,0,0,0,0,1,0,0,Parnell
"21 Parawai Crescent , Ponsonby, Auckland City",925.0,3,1,,,,0,0,0,1,0,0,0,0,Ponsonby
"7/22 Oak Street, Royal Oak, Auckland City",320.0,1,1,,,,0,0,0,1,0,0,0,0,Royal Oak
"24 Paku Lane, Mount Wellington, Auckland City",895.0,4,2,2,,,0,0,0,1,0,0,0,0,Mount Wellington
"D/72 Fairburn Road, Otahuhu, Auckland City",nan,3,2,1,139m2,,0,0,0,0,0,1,0,0,Otahuhu
"D/72 Fairburn Road, Otahuhu, Auckland City",nan,3,2,1,139m2,,0,0,0,0,0,1,0,0,Otahuhu
"G01/45 Union Street, Auckland Central, Auckland City",700.0,2,1,,,,1,1,0,0,0,0,0,0,Auckland Central
"PU17/36-38 Parry Road, Mount Wellington, Auckland City",660.0,2,1,1,,,1,0,0,0,0,1,0,0,Mount Wellington
"102 Taniwha Street, Waiotaiki Bay, Auckland City",600.0,2,1,1,,,0,0,0,1,0,0,0,0,Waiotaiki Bay
"6/960 New North Road, Mount Albert, Auckland City",650.0,3,1,,,,0,1,0,0,0,0,0,0,Mount Albert
"GF/83 New North Road, Eden Terrace, Auckland City",530.0,1,1,1,,,0,1,0,0,0,0,0,0,Eden Terrace
"103/70 Pitt Street, Auckland Central, Auckland City",650.0,2,2,,,,1,1,0,0,0,0,0,0,Auckland Central
"L2/11 Pakenham Steet, Auckland Central, Auckland City",75.0,1,,,,,0,0,1,0,0,0,0,0,Auckland Central
"L2A/8 Upper Queen Street, Auckland Central, Auckland City",500.0,1,1,,,,1,1,0,0,0,0,0,0,Auckland Central
"210 Richmond Road, Grey Lynn, Auckland City",1750.0,6,2,2,,,0,0,0,1,0,0,0,0,Grey Lynn
"150B Tripoli Road, Point England, Auckland City",990.0,4,3,2,,,0,0,0,1,0,0,0,0,Point England
"430 Queen Street, Auckland Central, Auckland City",530.0,2,1,,,,0,1,0,0,0,0,0,0,Auckland Central
"4H/19 Fleet Street, Eden Terrace, Auckland City",695.0,2,1,1,,,0,0,0,1,0,0,0,0,Eden Terrace
"104/2 Finch Street, Morningside, Auckland City",570.0,1,1,,,,0,0,0,1,0,0,0,0,Morningside
"1/65 Selwyn Avenue, Mission Bay, Auckland City",795.0,3,1,2,,,0,0,0,1,0,0,0,0,Mission Bay
"14 brookland Place, Remuera, Auckland City",1250.0,4,3,5,1 ensuite,,0,0,0,1,0,0,0,0,Remuera
"406/138 Anzac Ave, Auckland Central, Auckland City",320.0,1,1,,1 ensuite,,0,1,0,0,0,0,0,0,Auckland Central
"121/72 Nelson St , Auckland Central, Auckland City",470.0,2,1,,,,0,1,0,0,0,0,0,0,Auckland Central
"4/183 Mt Albert Road, Sandringham, Auckland City",620.0,2,1,2,,,0,0,0,0,0,0,1,0,Sandringham
"6/245 Gillies Avenue, Epsom, Auckland City",1350.0,4,3,2,,,0,0,0,1,0,0,0,0,Epsom
"12/10 Ngauruhoe Street, Mount Eden, Auckland City",470.0,1,1,,,,0,0,0,0,0,0,1,0,Mount Eden
"1/92 Princes Street, Otahuhu, Auckland City",420.0,1,1,1,,,0,0,0,0,0,0,1,0,Otahuhu
"1A/1 Haverstock, Sandringham, Auckland City",670.0,3,1,2,,,0,0,0,1,0,0,0,0,Sandringham
"20A Jamaica Place, Blockhouse Bay, Auckland City",800.0,4,2,1,1 ensuite,,0,0,0,0,0,1,0,0,Blockhouse Bay
"2/1976 Great North Road, Avondale, Auckland City",590.0,2,1,,,,0,1,0,0,0,0,0,0,Avondale
"4D/34 Kingston Street, Auckland Central, Auckland City",450.0,2,1,,,,1,1,0,0,0,0,0,0,Auckland Central
"17 Wimbledon Way, Remuera, Auckland City",900.0,3,1,2,,,1,0,0,1,0,0,0,0,Remuera
"72 Nelson Street, Auckland Central, Auckland City",480.0,2,1,,,,0,1,0,0,0,0,0,0,Auckland Central
"13 Linden Street, Mount Roskill, Auckland City",650.0,2,1,,,,0,0,0,1,0,0,0,0,Mount Roskill
"Q/35 Garnet Road, Westmere, Auckland City",860.0,3,2,2,1 ensuite,,0,0,0,0,0,1,0,0,Westmere
"7 Elam Street, Parnell, Auckland City",1895.0,3,3,2,265m2,,0,0,0,1,0,0,0,0,Parnell
"3/683 Great South Road, Otahuhu, Auckland City",425.0,2,1,,,,0,0,0,0,0,0,1,0,Otahuhu
"301/26 Poynton Terrace, Auckland Central, Auckland City",795.0,2,2,1,,,0,0,0,1,0,0,0,0,Auckland Central
"35 Hobson Street, Auckland Central, Auckland City",465.0,1,1,,,,1,1,0,0,0,0,0,0,Auckland Central
"711/22 Nelson Street, Auckland Central, Auckland City",500.0,1,1,,,,0,1,0,0,0,0,0,0,Auckland Central
"35A Ronaki Road, Mission Bay, Auckland City",1050.0,3,2,2,1,,0,0,0,1,0,0,0,0,Mission Bay
"65 Selwyn Avenue, Mission Bay, Auckland City",795.0,3,2,2,,,0,0,0,1,0,0,0,0,Mission Bay
"J/40A Monteith Crescent, Remuera, Auckland City",980.0,4,2,4,,,0,0,0,1,0,0,0,0,Remuera
"82 St Marys Road, Saint Marys Bay, Auckland City",2300.0,2,3,4,198m2,,0,1,0,0,0,0,0,0,Saint Marys Bay
"2149B Great North Road, Avondale, Auckland City",715.0,3,1,,2,132m2,0,0,0,1,0,0,0,0,Avondale
"23 Paget Street, Freemans Bay, Auckland City",2450.0,3,3,1,,,0,0,0,1,0,0,0,0,Freemans Bay
"73 Walters Road, Mount Wellington, Auckland City",560.0,2,1,3,,,0,0,0,1,0,0,0,0,Mount Wellington
"65A Shackleton Road, Mount Eden, Auckland City",800.0,3,1,,,,0,0,0,1,0,0,0,0,Mount Eden
"252 Mount Albert Road, Sandringham, Auckland City",875.0,3,2,,,,0,0,0,1,0,0,0,0,Sandringham
"503/135 Vincent Street, Auckland Central, Auckland City",550.0,2,1,,,,1,1,0,0,0,0,0,0,Auckland Central
"1A Kowhatu Road, One Tree Hill, Auckland City",780.0,3,1,,,,0,0,0,1,0,0,0,0,One Tree Hill
"1/74 Walmsley Road, Otahuhu, Auckland City",480.0,2,1,,,,0,0,0,0,0,0,1,0,Otahuhu
"66B Queenstown Road, Onehunga, Auckland City",525.0,2,1,,,,0,0,0,0,0,0,1,0,Onehunga
"2/46 School Road, Morningside, Auckland City",700.0,2,1,1,56m2,,0,0,0,0,0,0,1,0,Morningside
"11/37 Upland Road, Remuera, Auckland City",950.0,3,2,1,,,0,0,0,0,0,1,0,0,Remuera
"137 Quay Street, Auckland Central, Auckland City",580.0,1,1,,,,0,1,0,0,0,0,0,0,Auckland Central
"116/77 Halsey Street, Auckland Central, Auckland City",500.0,1,1,,,,0,1,0,0,0,0,0,0,Auckland Central
"3 Warwick Avenue, Westmere, Auckland City",1295.0,3,2,2,,,0,0,0,1,0,0,0,0,Westmere
"18 Hobson Street, Auckland Central, Auckland City",550.0,1,1,,,,0,1,0,0,0,0,0,0,Auckland Central
"44 Ivanhoe Road, Grey Lynn, Auckland City",750.0,3,2,3,,,0,0,0,1,0,0,0,0,Grey Lynn
"15 Tamora Lane, Avondale, Auckland City",875.0,4,2,1,,,0,0,0,0,0,1,0,0,Avondale
"5/15 Henry Street, Avondale, Auckland City",790.0,3,2,1,,,0,0,0,0,0,1,0,0,Avondale
"58 Margot Street, Epsom, Auckland City",820.0,3,2,2,,,0,0,0,1,0,0,0,0,Epsom
"514/53 Cook Street, Auckland Central, Auckland City",520.0,2,1,,,,0,1,0,0,0,0,0,0,Auckland Central
"7K/36 Day Street, Auckland Central, Auckland City",630.0,2,1,1,,,0,1,0,0,0,0,0,0,Auckland Central
"306/1 Kimiora Street, Three Kings, Auckland City",740.0,2,2,1,,,0,1,0,0,0,0,0,0,Three Kings
"9/3 Rocklands Avenue, Mount Eden, Auckland City",530.0,2,1,1,,,0,0,0,0,0,0,1,0,Mount Eden
"26 Trevola Street, New Windsor, Auckland City",760.0,3,2,,,,0,0,0,1,0,0,0,0,New Windsor
"4A Westwood Terrace, Saint Marys Bay, Auckland City",1850.0,5,2,2,,,0,0,0,1,0,0,0,0,Saint Marys Bay
"76 Ronayne Street, Parnell, Auckland City",450.0,1,1,,,,0,0,0,0,1,0,0,0,Parnell
"321 Kohimaramara Rd, St Heliers, Auckland City",1150.0,5,2,2,,,0,0,0,1,0,0,0,0,St Heliers
"4/68 Maskell Street, Saint Heliers, Auckland City",800.0,4,2,,,,0,0,0,1,0,0,0,0,Saint Heliers
"3B/1 Ophir Street, Grey Lynn, Auckland City",695.0,2,1,1,,,0,1,0,0,0,0,0,0,Grey Lynn
"12 Caledonian Place, Blockhouse Bay, Auckland City",640.0,3,1,,,,0,0,0,1,0,0,0,0,Blockhouse Bay
"1/37 Upland Road, Remuera, Auckland City",925.0,3,2,1,1 ensuite,,0,0,0,0,0,1,0,0,Remuera
"4/748 Remuera Road, Remuera, Auckland City",950.0,2,2,1,,,0,0,0,0,0,1,0,0,Remuera
"70 Sale Street, Auckland Central, Auckland City",600.0,1,1,,,,0,1,0,0,0,0,0,0,Auckland Central
"1M/94 Dominion Road, Mount Eden, Auckland City",520.0,1,1,,,,0,1,0,0,0,0,0,0,Mount Eden
"C604/176 Broadway, Newmarket, Auckland City",600.0,2,2,1,,,0,1,0,0,0,0,0,0,Newmarket
"30 Bell Road, Remuera, Auckland City",1350.0,4,3,2,,,0,0,0,1,0,0,0,0,Remuera
"10/291 Ellerslie-panmure Highway, Mount Wellington, Auckland City",460.0,1,1,1,,,0,0,0,0,0,0,1,0,Mount Wellington
"602/145 Symonds Street, Eden Terrace, Auckland City",700.0,1,1,,,,1,1,0,0,0,0,0,0,Eden Terrace
"72 Nelson Street, Auckland Central, Auckland City",475.0,2,1,,,,0,1,0,0,0,0,0,0,Auckland Central
"62 Olsen Avenue, Hillsborough, Auckland City",700.0,3,2,,1 ensuite,,0,0,0,1,0,0,0,0,Hillsborough
"72 Bassett Road, Remuera, Auckland City",1000.0,3,1,,,,0,0,0,1,0,0,0,0,Remuera
"40B Lewis Street, Blockhouse Bay, Auckland City",995.0,4,3,3,,,0,0,0,1,0,0,0,0,Blockhouse Bay
"2/175a Grey Street, Onehunga, Auckland City",540.0,1,1,1,,,0,0,0,1,0,0,0,0,Onehunga
"206/1 Coden Street, Auckland Central, Auckland City",520.0,1,1,,,,0,1,0,0,0,0,0,0,Auckland Central
"103/9 Rawalpindi Street, Mount Albert, Auckland City",620.0,2,1,1,,,0,1,0,0,0,0,0,0,Mount Albert
"504/43a Gillies Avenue, Newmarket, Auckland City",1150.0,3,2,2,,,0,1,0,0,0,0,0,0,Newmarket
"28C Claude Road, Epsom, Auckland City",1190.0,4,3,3,,,0,0,0,1,0,0,0,0,Epsom
"3/43 Abbotts Way, Remuera, Auckland City",595.0,2,1,2,,,0,0,0,0,0,0,1,0,Remuera
"5/118 Grafton Road, Grafton, Auckland City",325.0,1,1,,,,0,0,0,0,0,0,1,0,Grafton
"3/12 Kipling Avenue, Epsom, Auckland City",810.0,3,2,,,,0,0,0,0,0,0,1,0,Epsom
"A/14 Wheturangi Road, Greenlane, Auckland City",730.0,2,1,,,,0,0,0,1,0,0,0,0,Greenlane
"168B Whitney Street, Blockhouse Bay, Auckland City",745.0,3,1,1,,,0,0,0,0,0,1,0,0,Blockhouse Bay
"26 Eaton road, Hillsborough, Auckland City",850.0,4,2,1,,,0,0,0,1,0,0,0,0,Hillsborough
"6/78 Rosebank Rd, Avondale, Auckland City",430.0,1,1,,,,0,0,0,0,0,0,1,0,Avondale
"42 Kingsview Road, Mount Eden, Auckland City",1400.0,5,2,,,,0,0,0,1,0,0,0,0,Mount Eden
"2/28 Victoria Avenue, Remuera, Auckland City",795.0,2,2,1,,,0,1,0,0,0,0,0,0,Remuera
"2011/11 Liverpool Street , Auckland Central, Auckland City",385.0,1,1,,,,0,1,0,0,0,0,0,0,Auckland Central
"502 Great North Road, Grey Lynn, Auckland City",700.0,3,1,1,,,0,0,0,0,0,1,0,0,Grey Lynn
"6 Magma Crescent, Stonefields, Auckland City",795.0,2,1,,,,0,0,0,1,0,0,0,0,Stonefields
"811/76 Wakefield Street, Auckland Central, Auckland City",550.0,2,1,,,,0,1,0,0,0,0,0,0,Auckland Central
"30A Dromorne Road, Remuera, Auckland City",1150.0,4,2,,,,0,0,0,0,0,1,0,0,Remuera
"3/365 Great South Road, Ellerslie, Auckland City",610.0,2,1,2,,,0,0,0,0,0,0,1,0,Ellerslie
"3D/31 Scanlan Street, Grey Lynn, Auckland City",695.0,2,2,2,1 ensuite,,0,1,0,0,0,0,0,0,Grey Lynn
"5A Pasteur Place, New Windsor, Auckland City",700.0,3,2,1,,,0,0,0,1,0,0,0,0,New Windsor
"24 Paku Lane, Mount Wellington, Auckland City",895.0,4,2,2,,,0,0,0,1,0,0,0,0,Mount Wellington
"A/23 Watea Road, Sandringham, Auckland City",1350.0,5,3,,1 ensuite,,0,0,0,1,0,0,0,0,Sandringham
"26 Old Mill Road , Grey Lynn, Auckland City",2450.0,4,2,2,284m2,,0,0,0,1,0,0,0,0,Grey Lynn
"2/6 Prebble Place, Mission Bay, Auckland City",775.0,3,1,1,,,0,0,0,0,0,0,1,0,Mission Bay
"223B Green Lane West, Epsom, Auckland City",1200.0,2,2,2,1 ensuite,,0,1,0,0,0,0,0,0,Epsom
"10D/156 Vincent Street, Auckland Central, Auckland City",580.0,2,1,,,,0,1,0,0,0,0,0,0,Auckland Central
"2D Delemere Place, Glen Innes, Auckland City",915.0,4,2,2,,,0,0,0,0,0,1,0,0,Glen Innes
"2/165 Tamaki Drive, Kohimarama, Auckland City",1300.0,3,2,1,,,0,1,0,0,0,0,0,0,Kohimarama
"16A Aorere Street, Parnell, Auckland City",960.0,3,2,,,,0,0,0,1,0,0,0,0,Parnell
"3/33 Beckenham Avenue, Royal Oak, Auckland City",890.0,3,3,1,,,0,0,0,0,0,1,0,0,Royal Oak
"5B/132 Vincent Street, Auckland Central, Auckland City",880.0,2,2,,,,0,1,0,0,0,0,0,0,Auckland Central
"336 Hillsborough Road, Hillsborough, Auckland City",780.0,3,2,2,,,0,0,0,1,0,0,0,0,Hillsborough
"89A Alfred Street, Onehunga, Auckland City",795.0,3,2,1,,,0,0,0,0,0,1,0,0,Onehunga
"89B Alfred Street, Onehunga, Auckland City",995.0,4,3,2,,,0,0,0,0,0,1,0,0,Onehunga
"15/533 Manukau Road, Epsom, Auckland City",650.0,2,1,1,,,0,1,0,0,0,0,0,0,Epsom
"409/4 Dockside Lane, Auckland Central, Auckland City",580.0,2,1,1,,,0,1,0,0,0,0,0,0,Auckland Central
"15 Hillsborough Road, Hillsborough, Auckland City",1400.0,6,5,,1,279m2,0,0,0,1,0,0,0,0,Hillsborough
"66A Albrecht Avenue, Mount Roskill, Auckland City",720.0,3,1,,,,0,0,0,1,0,0,0,0,Mount Roskill
"6 Fontenoy Street, Mount Albert, Auckland City",850.0,3,2,2,1 ensuite,,0,0,0,1,0,0,0,0,Mount Albert
"38A Kinross Street, Blockhouse Bay, Auckland City",700.0,3,1,2,,,0,0,0,1,0,0,0,0,Blockhouse Bay
"15/3 Sherbourne Road, Mount Eden, Auckland City",550.0,1,1,1,,,0,0,0,0,0,0,1,0,Mount Eden
"5D/18 Cranbrook Place, Glendowie, Auckland City",755.0,3,1,2,90m2,,0,0,0,1,0,0,0,0,Glendowie
"52B King George Avenue, Epsom, Auckland City",1400.0,5,3,3,,,0,0,0,1,0,0,0,0,Epsom
"3/21 Montrose St, Point Chevalier, Auckland City",450.0,1,1,,New build,,0,1,0,0,0,0,0,0,Point Chevalier
"72 Nelson Street, Auckland Central, Auckland City",475.0,2,1,,,,0,1,0,0,0,0,0,0,Auckland Central
"72 Nelson Street, Auckland Central, Auckland City",375.0,1,1,,,,0,1,0,0,0,0,0,0,Auckland Central
"2B/2 White Street, Auckland Central, Auckland City",nan,2,1,,,,1,1,0,0,0,0,0,0,Auckland Central
"1 Swinburne Street, Blockhouse Bay, Auckland City",1255.0,6,4,5,,,0,0,0,1,0,0,0,0,Blockhouse Bay
"3/45 Mangere Road, Otahuhu, Auckland City",380.0,1,1,1,,,0,0,0,0,0,0,1,0,Otahuhu
"3/1280 New North Road, Avondale, Auckland City",700.0,3,2,4,,,0,0,0,1,0,0,0,0,Avondale
"6/375 Great South Road, Greenlane, Auckland City",1100.0,4,4,1,,,0,0,0,1,0,0,0,0,Greenlane
"a/1 Hoheria Road, Onehunga, Auckland City",680.0,3,1,2,,,0,0,0,1,0,0,0,0,Onehunga
"2205/32 Swanson Street, Auckland Central, Auckland City",460.0,1,1,,,,0,1,0,0,0,0,0,0,Auckland Central
"4 Dockside Lane, Auckland Central, Auckland City",665.0,2,1,,,,0,1,0,0,0,0,0,0,Auckland Central
"12 Rangipawa Road, One Tree Hill, Auckland City",950.0,3,1,2,,,0,0,0,1,0,0,0,0,One Tree Hill
"12 May Road, Mount Albert, Auckland City",760.0,3,1,2,,,0,0,0,1,0,0,0,0,Mount Albert
"205/4 Bluegrey Avenue, Stonefields, Auckland City",540.0,1,1,1,,,0,1,0,0,0,0,0,0,Stonefields
"46 Elm Street, Avondale, Auckland City",670.0,2,1,1,,,0,0,0,0,0,1,0,0,Avondale
"1/29 Dudley Road, Mission Bay, Auckland City",600.0,2,1,1,,,0,0,0,0,0,0,1,0,Mission Bay
"4J/250 Richmond Road, Grey Lynn, Auckland City",550.0,1,1,1,,,0,1,0,0,0,0,0,0,Grey Lynn
"19/1 Glenside Crescent, Auckland Central, Auckland City",750.0,2,2,,,,0,0,0,0,0,1,0,0,Auckland Central
"3/296 Ellerslie Panmure Highway, Mount Wellington, Auckland City",585.0,2,1,1,,,0,0,0,0,0,0,1,0,Mount Wellington
"63/32 Edwin Street, Mount Eden, Auckland City",820.0,3,1,2,,,0,0,0,1,0,0,0,0,Mount Eden
"6-8 Lorne Street, Auckland Central, Auckland City",400.0,1,1,,30m2,,0,1,0,0,0,0,0,0,Auckland Central
"8I/508 Queen Street, Auckland Central, Auckland City",400.0,1,1,,,,1,1,0,0,0,0,0,0,Auckland Central
"1/24 Douglas Road, Mount Eden, Auckland City",670.0,2,1,1,,,0,0,0,1,0,0,0,0,Mount Eden
"11C Athens Road, One Tree Hill, Auckland City",1000.0,4,3,1,,,0,0,0,1,0,0,0,0,One Tree Hill
"47 Beach Road, Auckland Central, Auckland City",520.0,1,1,,37m2,New build,0,1,0,0,0,0,0,0,Auckland Central
"59/406 Great North Road, Grey Lynn, Auckland City",820.0,2,3,1,,,0,0,0,0,0,1,0,0,Grey Lynn
"9A Jesmond Terrace, Mount Albert, Auckland City",800.0,3,1,3,,,0,0,0,1,0,0,0,0,Mount Albert
"108/223a Greenlane West , Epsom, Auckland City",770.0,2,2,1,1 ensuite,,0,1,0,0,0,0,0,0,Epsom
"6/52 Ascot Avenue, Remuera, Auckland City",690.0,3,1,4,,,0,0,0,0,0,1,0,0,Remuera
"31 Findlay Street, Ellerslie, Auckland City",780.0,4,1,4,731m2,,0,0,0,1,0,0,0,0,Ellerslie
"16 Mersey Place, New Windsor, Auckland City",850.0,3,1,9,,,0,0,0,1,0,0,0,0,New Windsor
"2/123 White Swan Road, Mount Roskill, Auckland City",860.0,4,2,,2,202m2,0,0,0,1,0,0,0,0,Mount Roskill
"307/250 Kepa Road, Mission Bay, Auckland City",765.0,1,1,1,,,0,1,0,0,0,0,0,0,Mission Bay
"A6/25 Cheshire Street, Parnell, Auckland City",525.0,1,1,,,,0,1,0,0,0,0,0,0,Parnell
"1D/14 Waterloo Quadrant, Auckland Central, Auckland City",500.0,1,1,,,,1,1,0,0,0,0,0,0,Auckland Central
"37 Tamora Lane, Avondale, Auckland City",930.0,4,2,2,,,0,0,0,0,0,1,0,0,Avondale
"7 Shirley Road, Grey Lynn, Auckland City",550.0,1,1,1,,,0,0,0,0,0,0,1,0,Grey Lynn
"17B Rewi Road, Royal Oak, Auckland City",1400.0,5,3,4,,,0,0,0,0,0,1,0,0,Royal Oak
"125 Carrington Road, Point Chevalier, Auckland City",400.0,1,1,,,,0,1,0,0,0,0,0,0,Point Chevalier
"98 Point Chevalier Road, Point Chevalier, Auckland City",600.0,3,1,2,,,0,0,0,1,0,0,0,0,Point Chevalier
"83 Empire Road, Epsom, Auckland City",1750.0,5,1,4,,,0,0,0,1,0,0,0,0,Epsom
"3/6 Sarsfield Street, Herne Bay, Auckland City",950.0,3,1,1,,,0,0,0,0,0,1,0,0,Herne Bay
"101/1 Purewa Road, Meadowbank, Auckland City",850.0,2,2,1,,,0,0,0,1,0,0,0,0,Meadowbank
"26 Codrington Crescent, Mission Bay, Auckland City",1500.0,4,2,4,,,0,0,0,1,0,0,0,0,Mission Bay
"2213/10 Waterloo Quadrant, Auckland Central, Auckland City",430.0,1,1,,,,1,0,0,1,0,0,0,0,Auckland Central
"1008/20 Park Avenue, Ellerslie, Auckland City",600.0,1,1,,,,0,0,0,1,0,0,0,0,Ellerslie
"6 Winchester Street, Grey Lynn, Auckland City",870.0,3,1,1,,,1,1,0,0,0,0,0,0,Grey Lynn
"Room 5/Level 7-12 Vincent Street , Auckland Central, Auckland City",280.0,1,1,,,,0,1,0,0,0,0,0,0,Auckland Central
"7 Avon Street, Parnell, Auckland City",1100.0,2,2,,,,0,1,0,0,0,0,0,0,Parnell
"1C,12 Vinegar Lane, Ponsonby, Auckland City",780.0,2,2,,,,0,1,0,0,0,0,0,0,Ponsonby
"3 Exler Place, Avondale, Auckland City",1100.0,5,2,4,1 ensuite,,0,0,0,1,0,0,0,0,Avondale
"4/31 Symonds Street, Onehunga, Auckland City",575.0,2,1,1,,,0,0,0,0,0,0,1,0,Onehunga
"20B Roberton Road, Avondale, Auckland City",1200.0,4,3,4,,,0,0,0,1,0,0,0,0,Avondale
"304/1 Turakina Street, Grey Lynn, Auckland City",820.0,2,2,1,,,0,1,0,0,0,0,0,0,Grey Lynn
"1/12 Memorial Avenue, Mount Roskill, Auckland City",645.0,3,1,,,,0,0,0,0,0,0,1,0,Mount Roskill
"2/42 Don Croot Street, Morningside, Auckland City",460.0,2,1,1,,,0,1,0,0,0,0,0,0,Morningside
"8/42 Don Croot Street, Morningside, Auckland City",420.0,1,1,1,,,0,1,0,0,0,0,0,0,Morningside
"216/149 Nelson Street, Auckland Central, Auckland City",570.0,2,1,,,,1,0,0,0,0,0,1,0,Auckland Central
"72 Nelson Street, Auckland Central, Auckland City",475.0,2,1,1,,,0,1,0,0,0,0,0,0,Auckland Central
"23E Windsor Street, Parnell, Auckland City",1600.0,4,4,,,,0,0,0,0,0,1,0,0,Parnell
"38 Budgen Street, Mount Roskill, Auckland City",700.0,3,1,3,,,0,0,0,1,0,0,0,0,Mount Roskill
"9 Cotesmore Way, Parnell, Auckland City",720.0,3,2,2,,,0,0,0,0,0,1,0,0,Parnell
"4/70A Barrack Road, Mount Wellington, Auckland City",640.0,2,2,1,,,0,0,0,0,0,1,0,0,Mount Wellington
"4 Hadlow Terrace, Grey Lynn, Auckland City",830.0,2,3,1,,,0,1,0,0,0,0,0,0,Grey Lynn
"6 Hadlow Terrace, Grey Lynn, Auckland City",830.0,2,3,1,,,0,0,0,1,0,0,0,0,Grey Lynn
"247B Hillsborough Road, Hillsborough, Auckland City",800.0,4,2,3,,,0,0,0,1,0,0,0,0,Hillsborough
"57 Tuarangi Rd, Grey Lynn, Auckland City",1250.0,3,2,2,,,0,0,0,1,0,0,0,0,Grey Lynn
"G01/2 Finch Street, Morningside, Auckland City",570.0,1,1,,,,0,0,0,1,0,0,0,0,Morningside
"3/43 Caulton Street, Saint Johns, Auckland City",475.0,1,1,1,,,0,1,0,0,0,0,0,0,Saint Johns
"407/88 The Strand, Parnell, Auckland City",450.0,1,1,,,,0,1,0,0,0,0,0,0,Parnell
"5D/46 Liverpool Street, Auckland Central, Auckland City",350.0,1,1,,,,0,1,0,0,0,0,0,0,Auckland Central
"2/40 Saxon Street, Waterview, Auckland City",710.0,3,1,2,,,0,0,0,0,0,1,0,0,Waterview
"16/39 Pitt Steet, Auckland Central, Auckland City",895.0,3,1,2,,,0,0,0,0,0,1,0,0,Auckland Central
"203/70 Anzac Avenue, Auckland Central, Auckland City",690.0,2,1,,,,1,1,0,0,0,0,0,0,Auckland Central
"3/12/91 St Georges Bay Road, Parnell, Auckland City",1200.0,3,1,2,,,0,0,0,1,0,0,0,0,Parnell
"3/9 Sentinel Road, Herne Bay, Auckland City",520.0,1,1,,,,1,0,0,1,0,0,0,0,Herne Bay
"4/65 Mariri Road, One Tree Hill, Auckland City",535.0,2,1,1,,,0,0,0,0,0,0,1,0,One Tree Hill
